<?xml version="1.0" encoding="UTF-8"?>
<project-private xmlns="http://www.netbeans.org/ns/project-private/1">
    <editor-bookmarks xmlns="http://www.netbeans.org/ns/editor-bookmarks/2" lastBookmarkId="0"/>
    <open-files xmlns="http://www.netbeans.org/ns/projectui-open-files/2">
        <group>
            <file>file:/F:/U/2020/DAA/Tarea5/src/tarea5/BinaryTree.java</file>
            <file>file:/F:/U/2020/DAA/Tarea5/src/tarea5/Node1.java</file>
            <file>file:/F:/U/2020/DAA/Tarea5/src/tarea5/Recorre.java</file>
        </group>
    </open-files>
</project-private>
